frame_id,timestamp,EAR,MAR,blink_state,blink_count,blink_dur_avg,yawn_count,ear_confidence,landmarks_detected
1,0.773,,,unknown,0,0.0,0,0.0,False
2,1.033,0.2819,0.6099,open,0,0.0,0,0.2,True
3,1.099,0.286,0.6213,open,0,0.0,0,0.2,True
4,1.133,0.2938,0.6258,open,0,0.0,0,0.2,True
5,1.166,0.2993,0.6386,open,0,0.0,0,0.2,True
6,1.233,0.3056,0.6198,open,0,0.0,0,0.2,True
7,1.266,0.2993,0.6222,open,0,0.0,0,0.2,True
8,1.299,0.2935,0.6385,open,0,0.0,0,0.2,True
9,1.367,0.2859,0.6288,open,0,0.0,0,0.2,True
10,1.4,0.304,0.6443,open,0,0.0,0,0.2,True
11,1.433,0.2953,0.6364,open,0,0.0,0,0.2,True
12,1.467,0.3007,0.6284,open,0,0.0,0,0.2,True
13,1.521,0.3076,0.6354,open,0,0.0,0,0.2,True
14,1.564,0.2961,0.6399,open,0,0.0,0,0.2,True
15,1.6,0.3078,0.6417,open,0,0.0,0,0.2,True
16,1.631,0.3215,0.6457,open,0,0.0,0,0.2,True
17,1.667,0.3161,0.6277,open,0,0.0,0,0.2,True
18,1.701,0.314,0.63,open,0,0.0,0,0.2,True
19,1.735,0.3122,0.6313,open,0,0.0,0,0.2,True
20,1.768,0.3076,0.6187,open,0,0.0,0,0.2,True
21,1.802,0.3091,0.6193,open,0,0.0,0,0.2,True
22,1.835,0.3094,0.615,open,0,0.0,0,0.2,True
23,1.868,0.3081,0.615,open,0,0.0,0,0.2,True
24,1.901,0.3032,0.6184,open,0,0.0,0,0.2,True
25,1.935,0.3046,0.6144,open,0,0.0,0,0.2,True
26,1.968,0.2459,0.611,closed,0,0.0,0,0.2,True
27,2.002,0.1277,0.6237,closed,0,0.0,0,0.2,True
28,2.035,0.1403,0.6154,closed,0,0.0,0,0.2,True
29,2.069,0.2133,0.61,closed,0,0.0,0,0.2,True
30,2.102,0.2689,0.6124,open,1,0.134,0,0.2,True
31,2.135,0.2823,0.6141,open,1,0.134,0,0.2,True
32,2.169,0.2778,0.6248,open,1,0.134,0,0.2,True
33,2.202,0.2822,0.6172,open,1,0.134,0,0.2,True
34,2.235,0.2891,0.6113,open,1,0.134,0,0.2,True
35,2.269,0.2602,0.5971,open,1,0.134,0,0.2,True
36,2.302,0.2521,0.6051,open,1,0.134,0,0.2,True
37,2.336,0.2548,0.6018,open,1,0.134,0,0.2,True
38,2.373,0.2734,0.6093,open,1,0.134,0,0.2,True
39,2.406,0.2678,0.6026,open,1,0.134,0,0.2,True
40,2.44,0.2498,0.6019,closed,1,0.134,0,0.2,True
41,2.474,0.2532,0.6036,open,2,0.084,0,0.2,True
42,2.506,0.2351,0.6078,closed,2,0.084,0,0.2,True
43,2.539,0.2209,0.6105,closed,2,0.084,0,0.2,True
44,2.573,0.2426,0.6249,closed,2,0.084,0,0.2,True
45,2.606,0.2742,0.6582,open,3,0.0893,0,0.2,True
46,2.64,0.2662,0.6185,open,3,0.0893,0,0.2,True
47,2.673,0.2633,0.6176,open,3,0.0893,0,0.2,True
48,2.707,0.2517,0.6418,open,3,0.0893,0,0.2,True
49,2.74,0.2671,0.6384,open,3,0.0893,0,0.2,True
50,2.773,0.2528,0.6822,open,3,0.0893,0,0.2,True
51,2.806,0.2507,0.6256,open,3,0.0893,0,0.2,True
52,2.84,0.2439,0.618,closed,3,0.0893,0,0.2,True
53,2.873,0.2492,0.6401,closed,3,0.0893,0,0.2,True
54,2.906,0.2376,0.6247,closed,3,0.0893,0,0.2,True
55,2.94,0.241,0.6149,closed,3,0.0893,0,0.2,True
56,2.973,0.2505,0.6111,open,4,0.1003,0,0.2,True
57,3.006,0.2265,0.6241,closed,4,0.1003,0,0.2,True
58,3.04,0.2207,0.6034,closed,4,0.1003,0,0.2,True
59,3.073,0.2246,0.5853,closed,4,0.1003,0,0.2,True
60,3.107,0.2003,0.5862,closed,4,0.1003,0,0.2,True
61,3.14,0.1932,0.5861,closed,4,0.1003,0,0.2,True
62,3.174,0.2415,0.5846,closed,4,0.1003,0,0.2,True
63,3.206,0.2514,0.6352,open,5,0.1202,0,0.2,True
64,3.24,0.2815,0.6081,open,5,0.1202,0,0.2,True
65,3.273,0.2763,0.6273,open,5,0.1202,0,0.2,True
66,3.306,0.2755,0.607,open,5,0.1202,0,0.2,True
67,3.34,0.3038,0.6135,open,5,0.1202,0,0.2,True
68,3.373,0.3554,0.6426,open,5,0.1202,0,0.2,True
69,3.406,0.3704,0.6553,open,5,0.1202,0,0.2,True
70,3.44,0.3489,0.6005,open,5,0.1202,0,0.2,True
71,3.474,0.3417,0.5803,open,5,0.1202,0,0.2,True
72,3.507,0.3061,0.565,open,5,0.1202,0,0.2,True
73,3.54,0.2923,0.5731,open,5,0.1202,0,0.2,True
74,3.573,0.303,0.5801,open,5,0.1202,0,0.2,True
75,3.607,0.3016,0.578,open,5,0.1202,0,0.2,True
76,3.64,0.3049,0.5877,open,5,0.1202,0,0.2,True
77,3.673,0.3041,0.5811,open,5,0.1202,0,0.2,True
78,3.707,0.3041,0.582,open,5,0.1202,0,0.2,True
79,3.74,0.2972,0.5839,open,5,0.1202,0,0.2,True
80,3.773,0.3078,0.5805,open,5,0.1202,0,0.2,True
81,3.807,0.3022,0.5714,open,5,0.1202,0,0.2,True
82,3.84,0.2947,0.5629,open,5,0.1202,0,0.2,True
83,3.873,0.2945,0.5696,open,5,0.1202,0,0.2,True
84,3.907,0.2954,0.562,open,5,0.1202,0,0.2,True
85,3.94,0.2941,0.5643,open,5,0.1202,0,0.2,True
86,3.974,0.3023,0.5668,open,5,0.1202,0,0.2,True
87,4.006,0.3105,0.573,open,5,0.1202,0,0.2,True
88,4.04,0.308,0.571,open,5,0.1202,0,0.2,True
89,4.073,0.2972,0.5735,open,5,0.1202,0,0.2,True
90,4.106,0.295,0.5787,open,5,0.1202,0,0.2,True
91,4.14,0.304,0.5769,open,5,0.1202,0,0.2,True
92,4.173,0.3081,0.5822,open,5,0.1202,0,0.2,True
93,4.207,0.3093,0.581,open,5,0.1202,0,0.2,True
94,4.24,0.3168,0.5842,open,5,0.1202,0,0.2,True
95,4.273,0.315,0.5859,open,5,0.1202,0,0.2,True
96,4.307,0.3162,0.5862,open,5,0.1202,0,0.2,True
97,4.339,0.3059,0.586,open,5,0.1202,0,0.2,True
98,4.373,0.3054,0.5849,open,5,0.1202,0,0.2,True
99,4.407,0.3192,0.5818,open,5,0.1202,0,0.2,True
100,4.44,0.3136,0.5879,open,5,0.1202,0,0.2,True
101,4.474,0.3095,0.592,open,5,0.1202,0,0.2,True
102,4.506,0.297,0.5907,open,5,0.1202,0,0.2,True
103,4.54,0.2316,0.5921,closed,5,0.1202,0,0.2,True
104,4.574,0.0476,0.5893,closed,5,0.1202,0,0.2,True
105,4.607,0.0367,0.5856,closed,5,0.1202,0,0.2,True
106,4.64,0.0875,0.5756,closed,5,0.1202,0,0.2,True
107,4.673,0.1939,0.5781,closed,5,0.1202,0,0.2,True
108,4.703,0.2299,0.5806,closed,5,0.1202,0,0.2,True
109,4.737,0.2426,0.5851,closed,5,0.1202,0,0.2,True
110,4.772,0.2553,0.5851,open,6,0.1388,0,0.2,True
111,4.806,0.2557,0.5893,open,6,0.1388,0,0.2,True
112,4.84,0.2594,0.5873,open,6,0.1388,0,0.2,True
113,4.873,0.2655,0.5837,open,6,0.1388,0,0.2,True
114,4.907,0.2713,0.5862,open,6,0.1388,0,0.2,True
115,4.941,0.2684,0.5921,open,6,0.1388,0,0.2,True
116,4.973,0.2638,0.5906,open,6,0.1388,0,0.2,True
117,5.006,0.2593,0.5923,open,6,0.1388,0,0.2,True
118,5.04,0.2599,0.5914,open,6,0.1388,0,0.2,True
119,5.073,0.2619,0.5857,open,6,0.1388,0,0.2,True
120,5.107,0.2502,0.5894,open,6,0.1388,0,0.2,True
121,5.14,0.0589,0.5863,closed,6,0.1388,0,0.2,True
122,5.174,0.0436,0.5826,closed,6,0.1388,0,0.2,True
123,5.207,0.0461,0.5789,closed,6,0.1388,0,0.2,True
124,5.24,0.1107,0.5783,closed,6,0.1388,0,0.2,True
125,5.274,0.1724,0.5782,closed,6,0.1388,0,0.2,True
126,5.307,0.2268,0.5823,closed,6,0.1388,0,0.2,True
127,5.34,0.2287,0.5822,closed,6,0.1388,0,0.2,True
128,5.373,0.2362,0.5831,closed,6,0.1388,0,0.2,True
129,5.407,0.2361,0.5845,closed,6,0.1388,0,0.2,True
130,5.44,0.2411,0.5906,closed,6,0.1388,0,0.2,True
131,5.474,0.2538,0.5901,open,7,0.1667,0,0.2,True
132,5.506,0.2506,0.5818,open,7,0.1667,0,0.2,True
133,5.54,0.2747,0.5888,open,7,0.1667,0,0.2,True
134,5.573,0.311,0.5852,open,7,0.1667,0,0.2,True
135,5.607,0.3336,0.5857,open,7,0.1667,0,0.2,True
136,5.64,0.3172,0.5952,open,7,0.1667,0,0.2,True
137,5.673,0.3291,0.5934,open,7,0.1667,0,0.2,True
138,5.707,0.3268,0.5958,open,7,0.1667,0,0.2,True
139,5.74,0.3269,0.5869,open,7,0.1667,0,0.2,True
140,5.772,0.3209,0.5961,open,7,0.1667,0,0.2,True
141,5.806,0.3249,0.5952,open,7,0.1667,0,0.2,True
142,5.841,0.3337,0.5875,open,7,0.1667,0,0.2,True
143,5.875,0.3374,0.5904,open,7,0.1667,0,0.2,True
144,5.907,0.342,0.5834,open,7,0.1667,0,0.2,True
145,5.94,0.3483,0.5829,open,7,0.1667,0,0.2,True
146,5.974,0.3391,0.5871,open,7,0.1667,0,0.2,True
147,6.006,0.3441,0.582,open,7,0.1667,0,0.2,True
148,6.04,0.3392,0.5816,open,7,0.1667,0,0.2,True
149,6.073,0.3381,0.5794,open,7,0.1667,0,0.2,True
150,6.106,0.3326,0.5777,open,7,0.1667,0,0.2,True
151,6.14,0.35,0.5802,open,7,0.1667,0,0.2,True
152,6.173,0.3597,0.6014,open,7,0.1667,0,0.2,True
153,6.207,0.3371,0.5795,open,7,0.1667,0,0.2,True
154,6.239,0.3392,0.5964,open,7,0.1667,0,0.2,True
155,6.273,0.3401,0.5858,open,7,0.1667,0,0.2,True
156,6.306,0.3401,0.5909,open,7,0.1667,0,0.2,True
157,6.341,0.3299,0.589,open,7,0.1667,0,0.2,True
158,6.373,0.3383,0.589,open,7,0.1667,0,0.2,True
159,6.406,0.3407,0.5863,open,7,0.1667,0,0.2,True
160,6.44,0.3323,0.5923,open,7,0.1667,0,0.2,True
161,6.473,0.3304,0.581,open,7,0.1667,0,0.2,True
162,6.506,0.3357,0.5868,open,7,0.1667,0,0.2,True
163,6.539,0.331,0.584,open,7,0.1667,0,0.2,True
164,6.573,0.3428,0.5939,open,7,0.1667,0,0.2,True
165,6.607,0.3363,0.5837,open,7,0.1667,0,0.2,True
166,6.636,0.338,0.5908,open,7,0.1667,0,0.2,True
167,6.672,0.338,0.5935,open,7,0.1667,0,0.2,True
168,6.706,0.3412,0.5857,open,7,0.1667,0,0.2,True
169,6.74,0.3392,0.5917,open,7,0.1667,0,0.2,True
170,6.774,0.3439,0.5878,open,7,0.1667,0,0.2,True
171,6.807,0.3405,0.5833,open,7,0.1667,0,0.2,True
172,6.841,0.3445,0.5865,open,7,0.1667,0,0.2,True
173,6.873,0.3471,0.5864,open,7,0.1667,0,0.2,True
174,6.907,0.3385,0.5931,open,7,0.1667,0,0.2,True
175,6.94,0.3438,0.5842,open,7,0.1667,0,0.2,True
176,6.973,0.3327,0.6001,open,7,0.1667,0,0.2,True
177,7.007,0.3274,0.5852,open,7,0.1667,0,0.2,True
178,7.04,0.3444,0.5873,open,7,0.1667,0,0.2,True
179,7.074,0.3401,0.5906,open,7,0.1667,0,0.2,True
180,7.107,0.3457,0.5868,open,7,0.1667,0,0.2,True
181,7.14,0.3429,0.5925,open,7,0.1667,0,0.2,True
182,7.174,0.3364,0.5985,open,7,0.1667,0,0.2,True
183,7.207,0.329,0.5966,open,7,0.1667,0,0.2,True
184,7.24,0.3443,0.592,open,7,0.1667,0,0.2,True
185,7.274,0.324,0.6008,open,7,0.1667,0,0.2,True
186,7.306,0.3338,0.5929,open,7,0.1667,0,0.2,True
187,7.34,0.3267,0.5757,open,7,0.1667,0,0.2,True
188,7.374,0.2798,0.5976,open,7,0.1667,0,0.2,True
189,7.407,0.2641,0.5937,open,7,0.1667,0,0.2,True
190,7.44,0.243,0.606,closed,7,0.1667,0,0.2,True
191,7.474,0.2287,0.5991,closed,7,0.1667,0,0.2,True
192,7.507,0.3012,0.6584,open,8,0.1543,0,0.2,True
193,7.54,,,unknown,8,0.1543,0,0.0,False
194,7.573,0.1926,0.614,closed,8,0.1543,0,0.2,True
195,7.606,,,unknown,8,0.1543,0,0.0,False
196,7.64,,,unknown,8,0.1543,0,0.0,False
197,7.674,,,unknown,8,0.1543,0,0.0,False
198,7.706,,,unknown,8,0.1543,0,0.0,False
199,7.74,,,unknown,8,0.1543,0,0.0,False
200,7.773,,,unknown,8,0.1543,0,0.0,False
201,7.807,,,unknown,8,0.1543,0,0.0,False
202,7.84,,,unknown,8,0.1543,0,0.0,False
203,7.872,0.2514,0.6069,open,9,0.1703,0,0.2,True
204,7.906,0.2553,0.6192,open,9,0.1703,0,0.2,True
205,7.94,0.2283,0.5692,closed,9,0.1703,0,0.2,True
206,7.973,0.2422,0.5885,closed,9,0.1703,0,0.2,True
207,8.007,0.247,0.5868,closed,9,0.1703,0,0.2,True
208,8.041,0.2132,0.5795,closed,9,0.1703,0,0.2,True
209,8.074,0.2042,0.5827,closed,9,0.1703,0,0.2,True
210,8.107,0.2004,0.5849,closed,9,0.1703,0,0.2,True
211,8.141,,,unknown,9,0.1703,0,0.0,False
212,8.174,,,unknown,9,0.1703,0,0.0,False
213,8.207,0.2311,0.5641,closed,9,0.1703,0,0.2,True
214,8.24,0.2676,0.5734,open,10,0.1833,0,0.2,True
215,8.273,0.2718,0.5859,open,10,0.1833,0,0.2,True
216,8.307,0.2896,0.5701,open,10,0.1833,0,0.2,True
217,8.34,0.2773,0.5868,open,10,0.1833,0,0.2,True
218,8.373,0.2345,0.5692,closed,10,0.1833,0,0.2,True
219,8.406,,,unknown,10,0.1833,0,0.0,False
220,8.44,,,unknown,10,0.1833,0,0.0,False
221,8.473,0.2487,0.5787,closed,10,0.1833,0,0.2,True
222,8.507,0.2298,0.595,closed,10,0.1833,0,0.2,True
223,8.54,0.2214,0.5869,closed,10,0.1833,0,0.2,True
224,8.573,0.1911,0.6016,closed,10,0.1833,0,0.2,True
225,8.607,0.2366,0.5928,closed,10,0.1833,0,0.2,True
226,8.64,0.2404,0.583,closed,10,0.1833,0,0.2,True
227,8.674,0.2002,0.5817,closed,10,0.1833,0,0.2,True
228,8.707,0.2515,0.6023,open,11,0.197,0,0.2,True
229,8.74,0.2722,0.5778,open,11,0.197,0,0.2,True
230,8.774,0.2223,0.5858,closed,11,0.197,0,0.2,True
231,8.807,0.2193,0.5777,closed,11,0.197,0,0.2,True
232,8.84,0.2245,0.5726,closed,11,0.197,0,0.2,True
233,8.873,,,unknown,11,0.197,0,0.0,False
234,8.907,,,unknown,11,0.197,0,0.0,False
235,8.939,,,unknown,11,0.197,0,0.0,False
236,8.974,0.2636,0.5715,open,12,0.1973,0,0.2,True
237,9.007,,,unknown,12,0.1973,0,0.0,False
238,9.039,,,unknown,12,0.1973,0,0.0,False
239,9.073,,,unknown,12,0.1973,0,0.0,False
240,9.107,,,unknown,12,0.1973,0,0.0,False
241,9.139,,,unknown,12,0.1973,0,0.0,False
242,9.174,,,unknown,12,0.1973,0,0.0,False
243,9.207,,,unknown,12,0.1973,0,0.0,False
244,9.239,,,unknown,12,0.1973,0,0.0,False
245,9.273,,,unknown,12,0.1973,0,0.0,False
246,9.306,,,unknown,12,0.1973,0,0.0,False
247,9.34,,,unknown,12,0.1973,0,0.0,False
248,9.373,,,unknown,12,0.1973,0,0.0,False
249,9.407,,,unknown,12,0.1973,0,0.0,False
250,9.439,,,unknown,12,0.1973,0,0.0,False
251,9.473,,,unknown,12,0.1973,0,0.0,False
252,9.507,,,unknown,12,0.1973,0,0.0,False
253,9.54,,,unknown,12,0.1973,0,0.0,False
254,9.573,,,unknown,12,0.1973,0,0.0,False
255,9.606,,,unknown,12,0.1973,0,0.0,False
256,9.64,,,unknown,12,0.1973,0,0.0,False
257,9.673,,,unknown,12,0.1973,0,0.0,False
258,9.704,,,unknown,12,0.1973,0,0.0,False
259,9.735,,,unknown,12,0.1973,0,0.0,False
260,9.774,,,unknown,12,0.1973,0,0.0,False
261,9.806,,,unknown,12,0.1973,0,0.0,False
262,9.84,,,unknown,12,0.1973,0,0.0,False
263,9.874,,,unknown,12,0.1973,0,0.0,False
264,9.907,,,unknown,12,0.1973,0,0.0,False
265,9.94,,,unknown,12,0.1973,0,0.0,False
266,9.973,,,unknown,12,0.1973,0,0.0,False
267,10.006,,,unknown,12,0.1973,0,0.0,False
268,10.04,,,unknown,12,0.1973,0,0.0,False
269,10.074,,,unknown,12,0.1973,0,0.0,False
270,10.107,,,unknown,12,0.1973,0,0.0,False
271,10.14,,,unknown,12,0.1973,0,0.0,False
272,10.173,,,unknown,12,0.1973,0,0.0,False
273,10.207,,,unknown,12,0.1973,0,0.0,False
274,10.24,,,unknown,12,0.1973,0,0.0,False
275,10.274,,,unknown,12,0.1973,0,0.0,False
276,10.308,,,unknown,12,0.1973,0,0.0,False
277,10.34,,,unknown,12,0.1973,0,0.0,False
278,10.373,,,unknown,12,0.1973,0,0.0,False
279,10.407,,,unknown,12,0.1973,0,0.0,False
280,10.44,,,unknown,12,0.1973,0,0.0,False
281,10.473,,,unknown,12,0.1973,0,0.0,False
282,10.507,,,unknown,12,0.1973,0,0.0,False
283,10.54,,,unknown,12,0.1973,0,0.0,False
284,10.573,,,unknown,12,0.1973,0,0.0,False
285,10.607,,,unknown,12,0.1973,0,0.0,False
286,10.64,,,unknown,12,0.1973,0,0.0,False
287,10.674,,,unknown,12,0.1973,0,0.0,False
288,10.707,,,unknown,12,0.1973,0,0.0,False
289,10.741,,,unknown,12,0.1973,0,0.0,False
290,10.773,,,unknown,12,0.1973,0,0.0,False
291,10.807,,,unknown,12,0.1973,0,0.0,False
292,10.841,,,unknown,12,0.1973,0,0.0,False
293,10.873,,,unknown,12,0.1973,0,0.0,False
294,10.907,,,unknown,12,0.1973,0,0.0,False
295,10.941,,,unknown,12,0.1973,0,0.0,False
296,10.974,,,unknown,12,0.1973,0,0.0,False
297,11.007,,,unknown,12,0.1973,0,0.0,False
298,11.04,,,unknown,12,0.1973,0,0.0,False
299,11.074,,,unknown,12,0.1973,0,0.0,False
300,11.107,,,unknown,12,0.1973,0,0.0,False
301,11.14,,,unknown,12,0.1973,0,0.0,False
302,11.174,,,unknown,12,0.1973,0,0.0,False
303,11.207,,,unknown,12,0.1973,0,0.0,False
304,11.24,,,unknown,12,0.1973,0,0.0,False
305,11.273,,,unknown,12,0.1973,0,0.0,False
306,11.307,,,unknown,12,0.1973,0,0.0,False
307,11.341,,,unknown,12,0.1973,0,0.0,False
308,11.373,,,unknown,12,0.1973,0,0.0,False
309,11.407,,,unknown,12,0.1973,0,0.0,False
310,11.441,,,unknown,12,0.1973,0,0.0,False
311,11.474,,,unknown,12,0.1973,0,0.0,False
312,11.507,,,unknown,12,0.1973,0,0.0,False
313,11.54,,,unknown,12,0.1973,0,0.0,False
314,11.574,,,unknown,12,0.1973,0,0.0,False
315,11.608,,,unknown,12,0.1973,0,0.0,False
316,11.64,,,unknown,12,0.1973,0,0.0,False
317,11.674,,,unknown,12,0.1973,0,0.0,False
318,11.707,,,unknown,12,0.1973,0,0.0,False
319,11.74,,,unknown,12,0.1973,0,0.0,False
320,11.774,,,unknown,12,0.1973,0,0.0,False
321,11.807,,,unknown,12,0.1973,0,0.0,False
322,11.84,,,unknown,12,0.1973,0,0.0,False
323,11.874,,,unknown,12,0.1973,0,0.0,False
324,11.907,,,unknown,12,0.1973,0,0.0,False
325,11.94,,,unknown,12,0.1973,0,0.0,False
326,11.974,,,unknown,12,0.1973,0,0.0,False
327,12.007,,,unknown,12,0.1973,0,0.0,False
328,12.041,,,unknown,12,0.1973,0,0.0,False
329,12.074,,,unknown,12,0.1973,0,0.0,False
330,12.108,,,unknown,12,0.1973,0,0.0,False
331,12.141,,,unknown,12,0.1973,0,0.0,False
332,12.174,,,unknown,12,0.1973,0,0.0,False
333,12.207,,,unknown,12,0.1973,0,0.0,False
334,12.24,,,unknown,12,0.1973,0,0.0,False
335,12.273,,,unknown,12,0.1973,0,0.0,False
336,12.307,,,unknown,12,0.1973,0,0.0,False
337,12.34,,,unknown,12,0.1973,0,0.0,False
338,12.373,,,unknown,12,0.1973,0,0.0,False
339,12.407,0.2306,0.5613,open,12,0.1973,0,0.2,True
340,12.44,,,unknown,12,0.1973,0,0.0,False
341,12.474,,,unknown,12,0.1973,0,0.0,False
342,12.507,,,unknown,12,0.1973,0,0.0,False
343,12.541,,,unknown,12,0.1973,0,0.0,False
344,12.573,,,unknown,12,0.1973,0,0.0,False
345,12.607,,,unknown,12,0.1973,0,0.0,False
346,12.64,,,unknown,12,0.1973,0,0.0,False
347,12.674,,,unknown,12,0.1973,0,0.0,False
348,12.707,,,unknown,12,0.1973,0,0.0,False
349,12.74,,,unknown,12,0.1973,0,0.0,False
350,12.774,,,unknown,12,0.1973,0,0.0,False
351,12.807,,,unknown,12,0.1973,0,0.0,False
352,12.84,,,unknown,12,0.1973,0,0.0,False
353,12.874,,,unknown,12,0.1973,0,0.0,False
354,12.907,,,unknown,12,0.1973,0,0.0,False
355,12.94,,,unknown,12,0.1973,0,0.0,False
356,12.973,,,unknown,12,0.1973,0,0.0,False
357,13.008,,,unknown,12,0.1973,0,0.0,False
358,13.041,,,unknown,12,0.1973,0,0.0,False
359,13.074,0.1931,0.5804,open,12,0.1973,0,0.2,True
360,13.107,0.1722,0.6081,open,12,0.1973,0,0.2,True
361,13.14,0.2,0.6792,open,12,0.1973,0,0.2,True
362,13.174,0.1968,0.5973,open,12,0.1973,0,0.2,True
363,13.207,0.155,0.6084,closed,12,0.1973,0,0.2,True
364,13.24,0.1749,0.6315,open,13,0.1846,0,0.2,True
365,13.274,0.1828,0.6017,open,13,0.1846,0,0.2,True
366,13.307,0.2523,0.6061,open,13,0.1846,0,0.2,True
367,13.34,0.2652,0.5987,open,13,0.1846,0,0.2,True
368,13.374,0.2753,0.5932,open,13,0.1846,0,0.2,True
369,13.407,0.2852,0.5953,open,13,0.1846,0,0.2,True
370,13.441,0.2807,0.5986,open,13,0.1846,0,0.2,True
371,13.474,0.2885,0.6008,open,13,0.1846,0,0.2,True
372,13.508,0.2859,0.5997,open,13,0.1846,0,0.2,True
373,13.541,0.2893,0.5987,open,13,0.1846,0,0.2,True
374,13.574,0.2965,0.6014,open,13,0.1846,0,0.2,True
375,13.608,0.3072,0.593,open,13,0.1846,0,0.2,True
376,13.641,0.2917,0.596,open,13,0.1846,0,0.2,True
377,13.674,0.2969,0.5947,open,13,0.1846,0,0.2,True
378,13.708,0.3006,0.5956,open,13,0.1846,0,0.2,True
379,13.741,0.2937,0.5944,open,13,0.1846,0,0.2,True
380,13.774,0.288,0.5923,open,13,0.1846,0,0.2,True
381,13.808,0.2883,0.5958,open,13,0.1846,0,0.2,True
382,13.841,0.2935,0.6005,open,13,0.1846,0,0.2,True
383,13.874,0.3008,0.5938,open,13,0.1846,0,0.2,True
384,13.908,0.2998,0.5941,open,13,0.1846,0,0.2,True
385,13.941,0.3011,0.5925,open,13,0.1846,0,0.2,True
386,13.975,0.2999,0.5949,open,13,0.1846,0,0.2,True
387,14.007,0.2964,0.5983,open,13,0.1846,0,0.2,True
388,14.039,0.3007,0.601,open,13,0.1846,0,0.2,True
389,14.072,0.309,0.5995,open,13,0.1846,0,0.2,True
390,14.106,0.299,0.5987,open,13,0.1846,0,0.2,True
391,14.139,0.3023,0.5981,open,13,0.1846,0,0.2,True
392,14.173,0.2973,0.5981,open,13,0.1846,0,0.2,True
393,14.207,0.2986,0.5969,open,13,0.1846,0,0.2,True
394,14.241,0.3012,0.5974,open,13,0.1846,0,0.2,True
395,14.274,0.2986,0.5998,open,13,0.1846,0,0.2,True
396,14.308,0.3039,0.5989,open,13,0.1846,0,0.2,True
397,14.341,0.2967,0.5986,open,13,0.1846,0,0.2,True
398,14.374,0.3031,0.5951,open,13,0.1846,0,0.2,True
399,14.406,0.3039,0.5979,open,13,0.1846,0,0.2,True
400,14.44,0.3039,0.6022,open,13,0.1846,0,0.2,True
401,14.474,0.3047,0.6014,open,13,0.1846,0,0.2,True
402,14.508,0.296,0.6009,open,13,0.1846,0,0.2,True
403,14.541,0.2991,0.5996,open,13,0.1846,0,0.2,True
404,14.574,0.3042,0.5994,open,13,0.1846,0,0.2,True
405,14.608,0.2967,0.5956,open,13,0.1846,0,0.2,True
406,14.641,0.3027,0.5989,open,13,0.1846,0,0.2,True
407,14.674,0.3094,0.6018,open,13,0.1846,0,0.2,True
408,14.706,0.3083,0.6061,open,13,0.1846,0,0.2,True
409,14.734,0.3072,0.6367,open,13,0.1846,0,0.2,True
410,14.772,0.3039,0.6405,open,13,0.1846,0,0.2,True
411,14.805,0.3071,0.651,open,13,0.1846,0,0.2,True
412,14.84,0.3055,0.6394,open,13,0.1846,0,0.2,True
413,14.873,0.315,0.6581,open,13,0.1846,0,0.2,True
414,14.906,0.3123,0.6721,open,13,0.1846,0,0.2,True
415,14.941,0.3208,0.6666,open,13,0.1846,0,0.2,True
416,14.974,0.3127,0.6667,open,13,0.1846,0,0.2,True
417,15.008,0.3241,0.6706,open,13,0.1846,0,0.2,True
418,15.041,0.3385,0.6686,open,13,0.1846,0,0.2,True
419,15.074,0.3266,0.6905,open,13,0.1846,0,0.2,True
420,15.108,0.3244,0.6988,open,13,0.1846,0,0.2,True
421,15.141,0.3388,0.681,open,13,0.1846,0,0.2,True
422,15.174,0.3258,0.705,open,13,0.1846,0,0.2,True
423,15.208,0.3217,0.6937,open,13,0.1846,0,0.2,True
424,15.242,0.3131,0.6823,open,13,0.1846,0,0.2,True
425,15.274,0.3252,0.6913,open,13,0.1846,0,0.2,True
426,15.306,0.3241,0.6905,open,13,0.1846,0,0.2,True
427,15.339,0.3204,0.6805,open,13,0.1846,0,0.2,True
428,15.373,0.3123,0.6711,open,13,0.1846,0,0.2,True
429,15.406,0.316,0.67,open,13,0.1846,0,0.2,True
430,15.439,0.3065,0.6573,open,13,0.1846,0,0.2,True
431,15.473,0.3092,0.6566,open,13,0.1846,0,0.2,True
432,15.503,0.3075,0.6567,open,13,0.1846,0,0.2,True
433,15.541,0.3128,0.6526,open,13,0.1846,0,0.2,True
434,15.574,0.3009,0.6718,open,13,0.1846,0,0.2,True
435,15.608,0.3022,0.6565,open,13,0.1846,0,0.2,True
436,15.641,0.295,0.654,open,13,0.1846,0,0.2,True
437,15.675,0.2987,0.6724,open,13,0.1846,0,0.2,True
438,15.707,0.2984,0.6796,open,13,0.1846,0,0.2,True
439,15.741,0.3116,0.6991,open,13,0.1846,0,0.2,True
440,15.774,0.3051,0.6853,open,13,0.1846,0,0.2,True
441,15.808,0.3049,0.6951,open,13,0.1846,0,0.2,True
442,15.841,0.2991,0.6725,open,13,0.1846,0,0.2,True
443,15.875,0.3018,0.6695,open,13,0.1846,0,0.2,True
444,15.907,0.3061,0.6606,open,13,0.1846,0,0.2,True
445,15.941,0.3062,0.6568,open,13,0.1846,0,0.2,True
446,15.974,0.2996,0.661,open,13,0.1846,0,0.2,True
447,16.008,0.3024,0.6496,open,13,0.1846,0,0.2,True
448,16.041,0.3061,0.6589,open,13,0.1846,0,0.2,True
449,16.075,0.3069,0.6529,open,13,0.1846,0,0.2,True
450,16.107,0.2984,0.6472,open,13,0.1846,0,0.2,True
451,16.141,0.3007,0.6489,open,13,0.1846,0,0.2,True
452,16.174,0.2843,0.6487,open,13,0.1846,1,0.2,True
453,16.207,0.2924,0.6384,open,13,0.1846,1,0.2,True
454,16.241,0.284,0.6263,open,13,0.1846,1,0.2,True
455,16.273,0.2724,0.6228,open,13,0.1846,1,0.2,True
456,16.306,0.2711,0.6265,open,13,0.1846,1,0.2,True
457,16.339,0.2798,0.6274,open,13,0.1846,1,0.2,True
458,16.372,0.2742,0.634,open,13,0.1846,1,0.2,True
459,16.406,0.2759,0.6177,open,13,0.1846,1,0.2,True
460,16.44,0.2736,0.6126,open,13,0.1846,1,0.2,True
461,16.473,0.2746,0.6091,open,13,0.1846,1,0.2,True
462,16.507,0.2627,0.6096,open,13,0.1846,1,0.2,True
463,16.541,0.2613,0.6135,open,13,0.1846,1,0.2,True
464,16.574,0.2714,0.611,open,13,0.1846,1,0.2,True
465,16.607,0.2675,0.61,open,13,0.1846,1,0.2,True
466,16.64,0.262,0.6066,open,13,0.1846,1,0.2,True
467,16.673,0.2653,0.6089,open,13,0.1846,1,0.2,True
468,16.706,0.257,0.6083,open,13,0.1846,1,0.2,True
469,16.739,0.2524,0.6058,open,13,0.1846,1,0.2,True
470,16.773,0.2575,0.5988,open,13,0.1846,1,0.2,True
471,16.806,0.2483,0.6061,open,13,0.1846,1,0.2,True
472,16.841,0.2554,0.5919,open,13,0.1846,1,0.2,True
473,16.874,0.2545,0.5939,open,13,0.1846,1,0.2,True
474,16.907,0.2554,0.5834,open,13,0.1846,1,0.2,True
475,16.939,0.251,0.5763,open,13,0.1846,1,0.2,True
476,16.972,0.2531,0.57,open,13,0.1846,1,0.2,True
477,17.006,0.2585,0.5661,open,13,0.1846,1,0.2,True
478,17.039,0.2452,0.5651,open,13,0.1846,1,0.2,True
479,17.073,0.2539,0.5737,open,13,0.1846,1,0.2,True
480,17.107,0.2545,0.5703,open,13,0.1846,1,0.2,True
481,17.141,0.2479,0.5758,open,13,0.1846,1,0.2,True
482,17.174,0.2538,0.5811,open,13,0.1846,1,0.2,True
483,17.206,0.2525,0.5683,open,13,0.1846,1,0.2,True
484,17.239,0.2513,0.5728,open,13,0.1846,1,0.2,True
485,17.273,0.2493,0.5735,open,13,0.1846,1,0.2,True
486,17.306,0.2522,0.5728,open,13,0.1846,1,0.2,True
487,17.34,0.2561,0.5752,open,13,0.1846,1,0.2,True
488,17.373,0.2573,0.5805,open,13,0.1846,1,0.2,True
489,17.407,0.2482,0.5809,open,13,0.1846,1,0.2,True
490,17.44,0.252,0.579,open,13,0.1846,1,0.2,True
491,17.474,0.256,0.5815,open,13,0.1846,1,0.2,True
492,17.507,0.2607,0.5806,open,13,0.1846,1,0.2,True
493,17.539,0.2546,0.5887,open,13,0.1846,1,0.2,True
494,17.572,0.2646,0.5828,open,13,0.1846,1,0.2,True
495,17.606,0.259,0.5874,open,13,0.1846,1,0.2,True
496,17.639,0.2586,0.5832,open,13,0.1846,1,0.2,True
497,17.673,0.2609,0.5829,open,13,0.1846,1,0.2,True
498,17.707,0.2563,0.5823,open,13,0.1846,1,0.2,True
499,17.74,0.27,0.582,open,13,0.1846,1,0.2,True
500,17.774,0.2598,0.581,open,13,0.1846,1,0.2,True
501,17.809,0.2672,0.5779,open,13,0.1846,1,0.2,True
502,17.841,0.2606,0.5785,open,13,0.1846,1,0.2,True
503,17.875,0.2672,0.5767,open,13,0.1846,1,0.2,True
504,17.907,0.26,0.5761,open,13,0.1846,1,0.2,True
505,17.94,0.2649,0.5784,open,13,0.1846,1,0.2,True
506,17.974,0.2638,0.5787,open,13,0.1846,1,0.2,True
507,18.008,0.2647,0.5813,open,13,0.1846,1,0.2,True
508,18.04,0.2692,0.5807,open,13,0.1846,1,0.2,True
509,18.074,0.27,0.583,open,13,0.1846,1,0.2,True
510,18.108,0.2624,0.5822,open,13,0.1846,1,0.2,True
511,18.141,0.2725,0.5799,open,13,0.1846,1,0.2,True
512,18.174,0.2601,0.5797,open,13,0.1846,1,0.2,True
513,18.207,0.2653,0.5795,open,13,0.1846,1,0.2,True
514,18.239,0.2682,0.5779,open,13,0.1846,1,0.2,True
515,18.272,0.2754,0.5805,open,13,0.1846,1,0.2,True
516,18.306,0.2712,0.5806,open,13,0.1846,1,0.2,True
517,18.339,0.2751,0.5828,open,13,0.1846,1,0.2,True
518,18.373,0.2682,0.5816,open,13,0.1846,1,0.2,True
519,18.407,0.2779,0.5818,open,13,0.1846,1,0.2,True
520,18.44,0.269,0.5818,open,13,0.1846,1,0.2,True
521,18.474,0.2684,0.5789,open,13,0.1846,1,0.2,True
522,18.505,0.268,0.5818,open,13,0.1846,1,0.2,True
523,18.539,0.2734,0.5822,open,13,0.1846,1,0.2,True
524,18.572,0.2736,0.5814,open,13,0.1846,1,0.2,True
525,18.606,0.2806,0.5819,open,13,0.1846,1,0.2,True
526,18.639,0.2777,0.5796,open,13,0.1846,1,0.2,True
527,18.673,0.2845,0.5789,open,13,0.1846,1,0.2,True
528,18.706,0.2807,0.5808,open,13,0.1846,1,0.2,True
529,18.741,0.2805,0.5788,open,13,0.1846,1,0.2,True
530,18.774,0.2804,0.5797,open,13,0.1846,1,0.2,True
531,18.806,0.2751,0.5788,open,13,0.1846,1,0.2,True
532,18.839,0.2802,0.5792,open,13,0.1846,1,0.2,True
533,18.873,0.2793,0.5796,open,13,0.1846,1,0.2,True
534,18.906,0.2752,0.5823,open,13,0.1846,1,0.2,True
535,18.94,0.276,0.5817,open,13,0.1846,1,0.2,True
536,18.973,0.2746,0.5839,open,13,0.1846,1,0.2,True
537,19.007,0.2814,0.5838,open,13,0.1846,1,0.2,True
538,19.041,0.2794,0.5853,open,13,0.1846,1,0.2,True
539,19.074,0.2796,0.5873,open,13,0.1846,1,0.2,True
540,19.106,0.2828,0.5876,open,13,0.1846,1,0.2,True
541,19.139,0.2839,0.5887,open,13,0.1846,1,0.2,True
542,19.173,0.2752,0.5867,open,13,0.1846,1,0.2,True
543,19.207,0.2812,0.5875,open,13,0.1846,1,0.2,True
544,19.24,0.2739,0.5949,open,13,0.1846,1,0.2,True
545,19.273,0.2829,0.5981,open,13,0.1846,1,0.2,True
546,19.307,0.2871,0.599,open,13,0.1846,1,0.2,True
547,19.341,0.2855,0.603,open,13,0.1846,1,0.2,True
548,19.373,0.2822,0.6051,open,13,0.1846,1,0.2,True
549,19.406,0.2887,0.6054,open,13,0.1846,1,0.2,True
550,19.44,0.2806,0.6082,open,13,0.1846,1,0.2,True
551,19.473,0.2955,0.6068,open,13,0.1846,1,0.2,True
552,19.506,0.2859,0.6021,open,13,0.1846,1,0.2,True
553,19.54,0.2888,0.6045,open,13,0.1846,1,0.2,True
554,19.574,0.2903,0.6043,open,13,0.1846,1,0.2,True
555,19.607,0.2851,0.6061,open,13,0.1846,1,0.2,True
556,19.64,0.2933,0.6035,open,13,0.1846,1,0.2,True
557,19.672,0.2855,0.6012,open,13,0.1846,1,0.2,True
558,19.705,0.2741,0.6054,open,13,0.1846,1,0.2,True
559,19.735,0.2739,0.6031,open,13,0.1846,1,0.2,True
560,19.774,0.2518,0.6032,open,13,0.1846,1,0.2,True
561,19.807,0.1046,0.6052,closed,13,0.1846,1,0.2,True
562,19.84,0.0832,0.5957,closed,13,0.1846,1,0.2,True
563,19.874,0.1523,0.6125,closed,13,0.1846,1,0.2,True
564,19.906,0.2197,0.5967,open,14,0.1785,1,0.2,True
565,19.939,0.2365,0.5958,open,14,0.1785,1,0.2,True
566,19.973,0.2606,0.6002,open,14,0.1785,1,0.2,True
567,20.006,0.2584,0.6039,open,14,0.1785,1,0.2,True
568,20.04,0.2658,0.6006,open,14,0.1785,1,0.2,True
569,20.073,0.2669,0.5978,open,14,0.1785,1,0.2,True
570,20.107,0.2725,0.6065,open,14,0.1785,1,0.2,True
571,20.141,0.273,0.5987,open,14,0.1785,1,0.2,True
572,20.174,0.2808,0.6019,open,14,0.1785,1,0.2,True
573,20.207,0.277,0.6036,open,14,0.1785,1,0.2,True
574,20.239,0.2812,0.597,open,14,0.1785,1,0.2,True
575,20.272,0.2756,0.6088,open,14,0.1785,1,0.2,True
576,20.307,0.2752,0.5989,open,14,0.1785,1,0.2,True
577,20.34,0.2735,0.6041,open,14,0.1785,1,0.2,True
578,20.373,0.2746,0.5978,open,14,0.1785,1,0.2,True
579,20.407,0.2764,0.5979,open,14,0.1785,1,0.2,True
580,20.441,0.2895,0.6032,open,14,0.1785,1,0.2,True
581,20.474,0.2809,0.6043,open,14,0.1785,1,0.2,True
582,20.507,0.2816,0.5991,open,14,0.1785,1,0.2,True
583,20.539,0.2783,0.6013,open,14,0.1785,1,0.2,True
584,20.573,0.2782,0.604,open,14,0.1785,1,0.2,True
585,20.606,0.2213,0.6044,open,14,0.1785,1,0.2,True
586,20.64,0.0357,0.6012,closed,14,0.1785,1,0.2,True
587,20.673,0.0528,0.6038,closed,14,0.1785,1,0.2,True
588,20.707,0.173,0.6024,open,15,0.1711,1,0.2,True
589,20.74,0.2232,0.5966,open,15,0.1711,1,0.2,True
590,20.775,0.2421,0.6026,open,15,0.1711,1,0.2,True
591,20.807,0.2639,0.5982,open,15,0.1711,1,0.2,True
592,20.84,0.2662,0.6045,open,15,0.1711,1,0.2,True
593,20.873,0.2704,0.5981,open,15,0.1711,1,0.2,True
594,20.906,0.2704,0.606,open,15,0.1711,1,0.2,True
595,20.94,0.2789,0.6022,open,15,0.1711,1,0.2,True
596,20.974,0.2756,0.6009,open,15,0.1711,1,0.2,True
597,21.006,0.2807,0.6006,open,15,0.1711,1,0.2,True
598,21.041,0.2818,0.6008,open,15,0.1711,1,0.2,True
599,21.074,0.2795,0.6024,open,15,0.1711,1,0.2,True
600,21.106,0.2835,0.5996,open,15,0.1711,1,0.2,True
601,21.139,0.2902,0.604,open,15,0.1711,1,0.2,True
602,21.172,0.2866,0.5981,open,15,0.1711,1,0.2,True
603,21.206,0.2864,0.6035,open,15,0.1711,1,0.2,True
604,21.24,0.2889,0.5995,open,15,0.1711,1,0.2,True
605,21.274,0.2874,0.603,open,15,0.1711,1,0.2,True
606,21.308,0.2308,0.5966,open,15,0.1711,1,0.2,True
607,21.34,0.0374,0.5941,closed,15,0.1711,1,0.2,True
608,21.372,0.0447,0.6008,closed,15,0.1711,1,0.2,True
609,21.406,0.1806,0.5946,open,16,0.1645,1,0.2,True
610,21.44,0.2287,0.5984,open,16,0.1645,1,0.2,True
611,21.473,0.2593,0.6013,open,16,0.1645,1,0.2,True
612,21.507,0.2734,0.5964,open,16,0.1645,1,0.2,True
613,21.54,0.2762,0.5983,open,16,0.1645,1,0.2,True
614,21.574,0.2916,0.6041,open,16,0.1645,1,0.2,True
615,21.606,0.2963,0.6004,open,16,0.1645,1,0.2,True
616,21.639,0.2978,0.6039,open,16,0.1645,1,0.2,True
617,21.673,0.2991,0.6033,open,16,0.1645,1,0.2,True
618,21.706,0.2973,0.6041,open,16,0.1645,1,0.2,True
619,21.74,0.3016,0.6039,open,16,0.1645,1,0.2,True
620,21.773,0.2932,0.6047,open,16,0.1645,1,0.2,True
621,21.807,0.2974,0.6026,open,16,0.1645,1,0.2,True
622,21.84,0.2874,0.6053,open,16,0.1645,1,0.2,True
623,21.873,0.2863,0.6,open,16,0.1645,1,0.2,True
624,21.905,0.2897,0.6017,open,16,0.1645,1,0.2,True
625,21.939,0.2892,0.602,open,16,0.1645,1,0.2,True
626,21.973,0.2805,0.6042,open,16,0.1645,1,0.2,True
627,22.006,0.2932,0.6035,open,16,0.1645,1,0.2,True
628,22.04,0.2873,0.6059,open,16,0.1645,1,0.2,True
629,22.074,0.285,0.6057,open,16,0.1645,1,0.2,True
630,22.107,0.2853,0.6056,open,16,0.1645,1,0.2,True
631,22.14,0.291,0.6056,open,16,0.1645,1,0.2,True
632,22.172,0.2923,0.6091,open,16,0.1645,1,0.2,True
633,22.206,0.2895,0.6086,open,16,0.1645,1,0.2,True
634,22.24,0.2968,0.6077,open,16,0.1645,1,0.2,True
635,22.274,0.2834,0.6093,open,16,0.1645,1,0.2,True
636,22.307,0.2835,0.6072,open,16,0.1645,1,0.2,True
637,22.34,0.2934,0.6068,open,16,0.1645,1,0.2,True
638,22.373,0.2929,0.6077,open,16,0.1645,1,0.2,True
639,22.406,0.2852,0.6119,open,16,0.1645,1,0.2,True
640,22.44,0.2967,0.6081,open,16,0.1645,1,0.2,True
641,22.473,0.2936,0.6063,open,16,0.1645,1,0.2,True
642,22.506,0.2936,0.6046,open,16,0.1645,1,0.2,True
643,22.54,0.2882,0.6047,open,16,0.1645,1,0.2,True
644,22.574,0.3029,0.6047,open,16,0.1645,1,0.2,True
645,22.606,0.2864,0.6061,open,16,0.1645,1,0.2,True
646,22.639,0.2908,0.6072,open,16,0.1645,1,0.2,True
647,22.669,0.293,0.6061,open,16,0.1645,1,0.2,True
648,22.707,0.2991,0.607,open,16,0.1645,1,0.2,True
649,22.74,0.3005,0.6067,open,16,0.1645,1,0.2,True
650,22.773,0.3071,0.6037,open,16,0.1645,1,0.2,True
651,22.807,0.3057,0.6045,open,16,0.1645,1,0.2,True
652,22.84,0.2997,0.6049,open,16,0.1645,1,0.2,True
653,22.873,0.3079,0.6085,open,16,0.1645,1,0.2,True
654,22.907,0.2979,0.6091,open,16,0.1645,1,0.2,True
655,22.94,0.306,0.6063,open,16,0.1645,1,0.2,True
656,22.971,0.2938,0.6052,open,16,0.1645,1,0.2,True
657,23.007,0.304,0.6043,open,16,0.1645,1,0.2,True
658,23.041,0.2958,0.6054,open,16,0.1645,1,0.2,True
659,23.073,0.3036,0.6037,open,16,0.1645,1,0.2,True
660,23.106,0.3015,0.6068,open,16,0.1645,1,0.2,True
661,23.14,0.289,0.6103,open,16,0.1645,1,0.2,True
662,23.173,0.2017,0.6103,open,16,0.1645,1,0.2,True
663,23.207,0.0791,0.6014,closed,16,0.1645,1,0.2,True
664,23.24,0.1421,0.5936,closed,16,0.1645,1,0.2,True
665,23.273,0.2033,0.598,open,17,0.1587,1,0.2,True
666,23.306,0.2342,0.5957,open,17,0.1587,1,0.2,True
667,23.339,0.2462,0.602,open,17,0.1587,1,0.2,True
668,23.373,0.2512,0.5952,open,17,0.1587,1,0.2,True
669,23.407,0.252,0.599,open,17,0.1587,1,0.2,True
670,23.44,0.2565,0.5962,open,17,0.1587,1,0.2,True
671,23.474,0.2548,0.5976,open,17,0.1587,1,0.2,True
672,23.507,0.2547,0.5993,open,17,0.1587,1,0.2,True
673,23.54,0.2576,0.602,open,17,0.1587,1,0.2,True
674,23.573,0.26,0.6041,open,17,0.1587,1,0.2,True
675,23.607,0.2601,0.6087,open,17,0.1587,1,0.2,True
676,23.64,0.2592,0.604,open,17,0.1587,1,0.2,True
677,23.673,0.2588,0.6035,open,17,0.1587,1,0.2,True
678,23.707,0.2594,0.6071,open,17,0.1587,1,0.2,True
679,23.741,0.2654,0.6069,open,17,0.1587,1,0.2,True
680,23.773,0.2684,0.6103,open,17,0.1587,1,0.2,True
681,23.807,0.2648,0.6098,open,17,0.1587,1,0.2,True
682,23.84,0.2583,0.6046,open,17,0.1587,1,0.2,True
683,23.873,0.2646,0.6049,open,17,0.1587,1,0.2,True
684,23.907,0.2564,0.6063,open,17,0.1587,1,0.2,True
685,23.94,0.2555,0.6102,open,17,0.1587,1,0.2,True
686,23.974,0.2555,0.6114,open,17,0.1587,1,0.2,True
687,24.006,0.2358,0.6103,open,17,0.1587,1,0.2,True
688,24.039,0.0505,0.603,closed,17,0.1587,1,0.2,True
689,24.073,0.0338,0.6007,closed,17,0.1587,1,0.2,True
690,24.106,0.0832,0.6045,closed,17,0.1587,1,0.2,True
691,24.14,0.2039,0.5988,open,18,0.1555,1,0.2,True
692,24.174,0.249,0.6042,open,18,0.1555,1,0.2,True
693,24.207,0.2662,0.61,open,18,0.1555,1,0.2,True
694,24.24,0.2737,0.6075,open,18,0.1555,1,0.2,True
695,24.273,0.2842,0.6111,open,18,0.1555,1,0.2,True
696,24.306,0.2814,0.6092,open,18,0.1555,1,0.2,True
697,24.34,0.2863,0.6107,open,18,0.1555,1,0.2,True
698,24.373,0.2871,0.609,open,18,0.1555,1,0.2,True
699,24.407,0.3011,0.6083,open,18,0.1555,1,0.2,True
700,24.441,0.2901,0.6069,open,18,0.1555,1,0.2,True
701,24.473,0.2985,0.6056,open,18,0.1555,1,0.2,True
702,24.506,0.3076,0.6078,open,18,0.1555,1,0.2,True
703,24.54,0.2941,0.6078,open,18,0.1555,1,0.2,True
704,24.573,0.2999,0.6071,open,18,0.1555,1,0.2,True
705,24.606,0.3024,0.6074,open,18,0.1555,1,0.2,True
706,24.64,0.3062,0.606,open,18,0.1555,1,0.2,True
707,24.674,0.2969,0.6085,open,18,0.1555,1,0.2,True
708,24.706,0.3036,0.6087,open,18,0.1555,1,0.2,True
709,24.736,0.2975,0.61,open,18,0.1555,1,0.2,True
710,24.773,0.2962,0.6091,open,18,0.1555,1,0.2,True
711,24.807,0.3013,0.6108,open,18,0.1555,1,0.2,True
712,24.84,0.2896,0.61,open,18,0.1555,1,0.2,True
713,24.874,0.2869,0.6121,open,18,0.1555,1,0.2,True
714,24.907,0.2844,0.6074,open,18,0.1555,1,0.2,True
715,24.94,0.2803,0.6061,open,18,0.1555,1,0.2,True
716,24.973,0.2932,0.6045,open,18,0.1555,1,0.2,True
717,25.007,0.2929,0.6054,open,18,0.1555,1,0.2,True
718,25.04,0.2732,0.5966,open,18,0.1555,1,0.2,True
719,25.074,0.2634,0.602,open,18,0.1555,1,0.2,True
720,25.107,0.2696,0.6011,open,18,0.1555,1,0.2,True
721,25.14,0.2971,0.5964,open,18,0.1555,1,0.2,True
722,25.173,0.2975,0.5951,open,18,0.1555,1,0.2,True
723,25.207,0.2986,0.5955,open,18,0.1555,1,0.2,True
724,25.24,0.3077,0.5922,open,18,0.1555,1,0.2,True
725,25.274,0.2956,0.5952,open,18,0.1555,1,0.2,True
726,25.307,0.2947,0.5974,open,18,0.1555,1,0.2,True
727,25.341,0.2995,0.5997,open,18,0.1555,1,0.2,True
728,25.374,0.3056,0.595,open,18,0.1555,1,0.2,True
729,25.407,0.2928,0.5938,open,18,0.1555,1,0.2,True
730,25.44,0.3032,0.5976,open,18,0.1555,1,0.2,True
731,25.473,0.2917,0.5911,open,18,0.1555,1,0.2,True
732,25.506,0.2814,0.5983,open,18,0.1555,1,0.2,True
733,25.54,0.2908,0.5962,open,18,0.1555,1,0.2,True
734,25.574,0.2945,0.5944,open,18,0.1555,1,0.2,True
735,25.607,0.2911,0.5922,open,18,0.1555,1,0.2,True
736,25.64,0.2996,0.5891,open,18,0.1555,1,0.2,True
737,25.674,0.293,0.5881,open,18,0.1555,1,0.2,True
738,25.707,0.2962,0.5883,open,18,0.1555,1,0.2,True
739,25.741,0.2923,0.5899,open,18,0.1555,1,0.2,True
740,25.774,0.292,0.5934,open,18,0.1555,1,0.2,True
741,25.807,0.2867,0.5984,open,18,0.1555,1,0.2,True
742,25.841,0.2819,0.6042,open,18,0.1555,1,0.2,True
743,25.873,0.2833,0.6042,open,18,0.1555,1,0.2,True
744,25.907,0.2862,0.6008,open,18,0.1555,1,0.2,True
745,25.94,0.2893,0.5971,open,18,0.1555,1,0.2,True
746,25.97,0.2932,0.5954,open,18,0.1555,1,0.2,True
747,26.007,0.299,0.5967,open,18,0.1555,1,0.2,True
748,26.041,0.3017,0.5945,open,18,0.1555,1,0.2,True
749,26.074,0.3008,0.5948,open,18,0.1555,1,0.2,True
750,26.107,0.3016,0.5896,open,18,0.1555,1,0.2,True
751,26.14,0.3059,0.5944,open,18,0.1555,1,0.2,True
752,26.174,0.3172,0.5967,open,18,0.1555,1,0.2,True
753,26.207,0.3243,0.6035,open,18,0.1555,1,0.2,True
754,26.241,0.3209,0.6017,open,18,0.1555,1,0.2,True
755,26.274,0.3242,0.5999,open,18,0.1555,1,0.2,True
756,26.307,0.3227,0.6007,open,18,0.1555,1,0.2,True
757,26.339,0.3205,0.5949,open,18,0.1555,1,0.2,True
758,26.373,0.313,0.5957,open,18,0.1555,1,0.2,True
759,26.407,0.321,0.5942,open,18,0.1555,1,0.2,True
760,26.441,0.3015,0.5886,open,18,0.1555,1,0.2,True
761,26.474,0.3134,0.5899,open,18,0.1555,1,0.2,True
762,26.508,0.3274,0.5939,open,18,0.1555,1,0.2,True
763,26.541,0.3053,0.5922,open,18,0.1555,1,0.2,True
764,26.574,0.3121,0.594,open,18,0.1555,1,0.2,True
765,26.607,0.3251,0.5978,open,18,0.1555,1,0.2,True
766,26.636,0.3058,0.595,open,18,0.1555,1,0.2,True
767,26.675,0.3158,0.5938,open,18,0.1555,1,0.2,True
768,26.708,0.3179,0.5908,open,18,0.1555,1,0.2,True
769,26.741,0.3034,0.5869,open,18,0.1555,1,0.2,True
770,26.775,0.3172,0.5936,open,18,0.1555,1,0.2,True
771,26.806,0.2954,0.5984,open,18,0.1555,1,0.2,True
772,26.84,0.1549,0.599,closed,18,0.1555,1,0.2,True
773,26.874,0.0751,0.599,closed,18,0.1555,1,0.2,True
774,26.907,0.0751,0.6001,closed,18,0.1555,1,0.2,True
775,26.94,0.131,0.5956,closed,18,0.1555,1,0.2,True
776,26.975,0.2131,0.5964,open,19,0.1544,1,0.2,True
777,27.009,0.2463,0.5909,open,19,0.1544,1,0.2,True
778,27.041,0.253,0.5932,open,19,0.1544,1,0.2,True
779,27.074,0.2597,0.5995,open,19,0.1544,1,0.2,True
780,27.108,0.2631,0.597,open,19,0.1544,1,0.2,True
781,27.141,0.2747,0.6032,open,19,0.1544,1,0.2,True
782,27.175,0.2622,0.594,open,19,0.1544,1,0.2,True
783,27.209,0.2676,0.5999,open,19,0.1544,1,0.2,True
784,27.243,0.2579,0.5957,open,19,0.1544,1,0.2,True
785,27.275,0.2538,0.5988,open,19,0.1544,1,0.2,True
786,27.309,0.2559,0.5998,open,19,0.1544,1,0.2,True
787,27.343,0.2646,0.5998,open,19,0.1544,1,0.2,True
788,27.375,0.2506,0.6025,open,19,0.1544,1,0.2,True
789,27.409,0.246,0.6081,open,19,0.1544,1,0.2,True
790,27.443,0.2422,0.6018,open,19,0.1544,1,0.2,True
791,27.477,0.25,0.6069,open,19,0.1544,1,0.2,True
792,27.51,0.2442,0.5965,open,19,0.1544,1,0.2,True
793,27.542,0.248,0.5929,open,19,0.1544,1,0.2,True
794,27.577,0.24,0.5925,open,19,0.1544,1,0.2,True
795,27.608,0.2417,0.5913,open,19,0.1544,1,0.2,True
796,27.684,0.2334,0.5897,open,19,0.1544,1,0.2,True
797,27.753,0.2309,0.5878,open,19,0.1544,1,0.2,True
798,27.816,0.214,0.5936,open,19,0.1544,1,0.2,True
799,27.878,0.2221,0.5867,open,19,0.1544,1,0.2,True
800,27.91,0.215,0.5889,open,19,0.1544,1,0.2,True
801,27.941,0.2131,0.5873,open,19,0.1544,1,0.2,True
802,27.974,0.2165,0.5879,open,19,0.1544,1,0.2,True
803,28.008,0.2102,0.585,open,19,0.1544,1,0.2,True
804,28.041,0.2181,0.586,open,19,0.1544,1,0.2,True
805,28.074,0.2274,0.5891,open,19,0.1544,1,0.2,True
806,28.107,0.2391,0.5861,open,19,0.1544,1,0.2,True
807,28.141,0.242,0.5868,open,19,0.1544,1,0.2,True
808,28.174,0.2305,0.5871,open,19,0.1544,1,0.2,True
809,28.206,0.2185,0.583,open,19,0.1544,1,0.2,True
810,28.239,0.2232,0.5821,open,19,0.1544,1,0.2,True
811,28.273,0.2118,0.5832,open,19,0.1544,1,0.2,True
812,28.306,0.2135,0.583,open,19,0.1544,1,0.2,True
813,28.34,0.2246,0.5864,open,19,0.1544,1,0.2,True
814,28.373,0.2234,0.5851,open,19,0.1544,1,0.2,True
815,28.406,0.2189,0.5855,open,19,0.1544,1,0.2,True
816,28.44,0.2221,0.5822,open,19,0.1544,1,0.2,True
817,28.473,0.2242,0.5854,open,19,0.1544,1,0.2,True
818,28.507,0.2153,0.5865,open,19,0.1544,1,0.2,True
819,28.541,0.2142,0.5905,open,19,0.1544,1,0.2,True
820,28.573,0.2197,0.5869,open,19,0.1544,1,0.2,True
821,28.607,0.2175,0.5889,open,19,0.1544,1,0.2,True
822,28.64,0.2147,0.5916,open,19,0.1544,1,0.2,True
823,28.673,0.2138,0.5934,open,19,0.1544,1,0.2,True
824,28.707,0.2185,0.598,open,19,0.1544,1,0.2,True
825,28.74,0.2162,0.6023,open,19,0.1544,1,0.2,True
826,28.773,0.145,0.6049,closed,19,0.1544,1,0.2,True
827,28.807,0.099,0.6037,closed,19,0.1544,1,0.2,True
